{
  "total": 4.208333333333333,
  "originality": 3.6666666666666665,
  "significance": 4.5,
  "validity": 3.1666666666666665,
  "organization": 5.5
}
